<?xml version="1.0" encoding="UTF-8"?>
<!DOCTYPE mapper PUBLIC "-//mybatis.org//DTD Mapper 3.0//EN" "http://mybatis.org/dtd/mybatis-3-mapper.dtd" >
<mapper namespace="attendance">
	<resultMap id="attendanceMap" type="Attendance">
		<id column="no" property="no"/>
		<result column="emp_no" property="empNo"/>
		<result column="att_date" property="attDate"/>
		<result column="start_time" property="startTime"/>
		<result column="end_time" property="endTime"/>
		<result column="status" property="status"/>
		<result column="week_time" property="weekTime"/>
		<result column="month_time" property="monthTime"/>
		<result column="remain_time" property="remainTime"/>
		<result column="over_time" property="overTime"/>
		<result column="start_date" property="startDate"/>
		<result column="end_date" property="endDate"/>
		<association property="emp" resultMap="employee.employeeMap"/>
	</resultMap>
	
	<!-- 연차 -->
	<resultMap id="dayoffMap" type="dayoff">
		<id column="no" property="no"/>
		<result column="emp_no" property="empNo"/>
		<result column="year" property="year"/>
		<result column="total_do_count" property="totalDoCount"/>
		<result column="used_do_count" property="usedDoCount"/>
		<result column="remain_do_count" property="remainDoCount"/>
	</resultMap> 	
	

	
	


	
	
	
	<!-- 근태관리 -->
	
	<!-- 출퇴근상세 조회 -->
	<select id="selectAttendance" parameterType="int" resultMap="attendanceMap">
		select * from attendance 
		WHERE emp_no=#{loginNo} AND ATT_DATE=TO_CHAR(SYSDATE,'YYYY.MM.DD')
	</select>


	<!-- 출근버튼 입력(출근버튼 눌렀을 때 insert)-->
	<insert id="startInsertAttendance" parameterType="map">
		INSERT INTO attendance(no, emp_no, att_date, start_time, status)
		VALUES(seq_no.nextval,#{loginNo},TO_CHAR(SYSDATE,'YYYY.MM.DD'),#{startTime},
			CASE 
				WHEN TO_DATE(#{startTime}, 'HH24:MI:SS') <![CDATA[ <= ]]> TO_DATE('09:10:00','HH24:MI:SS') THEN 1 <!--출근-->
				WHEN TO_DATE(#{startTime}, 'HH24:MI:SS') <![CDATA[ > ]]> TO_DATE('09:10:00','HH24:MI:SS') THEN 2 <!--지각-->
			END
		)
	</insert>
	
	<!-- 퇴근 버튼 -->
<!-- 	<update id="endInsertAttendance" parameterType="map">
		 UPDATE ATTENDANCE
			SET end_time = #{endTime}
			, status = 
				CASE 
					WHEN TO_DATE(#{endTime}, 'HH24:MI:SS') <![CDATA[ >= ]]> TO_DATE('18:00:00','HH24:MI:SS') THEN 0 정상출근
					WHEN TO_DATE(#{endTime}, 'HH24:MI:SS') <![CDATA[ < ]]> TO_DATE('18:00:00','HH24:MI:SS') THEN 3 조퇴
				END
			WHERE emp_no = #{loginNo} AND att_date = TO_CHAR(SYSDATE,'YYYY.MM.DD')
	</update> -->
		<update id="endInsertAttendance" parameterType="map">
		 UPDATE ATTENDANCE
			SET end_time = #{endTime}, status =
				CASE 
					WHEN TO_DATE(#{endTime}, 'HH24:MI:SS') <![CDATA[ >= ]]> TO_DATE('18:00:00','HH24:MI:SS') THEN 0 <!-- 정상출근 -->
					WHEN TO_DATE(#{endTime}, 'HH24:MI:SS') <![CDATA[ < ]]> TO_DATE('18:00:00','HH24:MI:SS') THEN 3 <!-- 조퇴 -->
				END
			, att_time = 
				(SELECT 
                         (Round((sum(ROUND((to_date(#{endTime},'HH24:MI:SS')-to_date(start_time,'HH24:MI:SS'))*24*60*60)))/(60*60)))||'시'||' ' ||
				               LPad(Round(MOD((sum(ROUND((to_date(#{endTime},'HH24:MI:SS')-to_date(start_time,'HH24:MI:SS'))*24*60*60))/60),60)), 2, 0)||'분' || ' ' ||
				               LPad(Round(MOD(sum(ROUND((to_date(#{endTime},'HH24:MI:SS')-to_date(start_time,'HH24:MI:SS'))*24*60*60)),60)), 2, 0)||'초' 
				               
          			from attendance
                    where emp_no= #{loginNo}
                    and att_date = TO_CHAR(SYSDATE,'YYYY.MM.DD')
				)
			WHERE emp_no = #{loginNo} AND att_date = TO_CHAR(SYSDATE,'YYYY.MM.DD')
	</update>
	
	
	
	
	
	

	<!-- 근태 캘린더 조회 -->
	<select id="workCalendarAttendance" parameterType="int" resultMap="attendanceMap">
		SELECT * FROM ATTENDANCE
			WHERE EMP_NO=#{loginNo} 
	</select>
	<!-- 휴가 캘린더 조회 -->
<!-- 	<select id="workCalendarDayoff" parameterType="int" resultMap="edsmMap">			
		SELECT *
			FROM EDMS
	    WHERE EMP_NO=#{loginNo} 
		    AND type = 0 휴가일 때
		    AND app_status = 1 승인일 때
	</select> 
	
	출장 캘린더 조회
	<select id="workCalendarTrip" parameterType="int" resultMap="edsmMap">
		SELECT *
			FROM EDMS
	    WHERE EMP_NO=#{loginNo} 
		    AND type = 1 출장일 때
		    AND app_status = 1 승인일 때
	</select>		 -->
	
	
	<!-- 이번주 누적 근무시간 
		이번주 지나고 계산해보기 
	-->
	
	<select id="selectWeekWorkTime" resultMap="attendanceMap">
		SELECT (Round((sum(ROUND((to_date(end_time,'HH24:MI:SS')-to_date(start_time,'HH24:MI:SS'))*24*60*60))-(60*60))/(60*60)))||'시'||' ' ||
               LPad(Round(MOD((sum(ROUND((to_date(end_time,'HH24:MI:SS')-to_date(start_time,'HH24:MI:SS'))*24*60*60))/60),60)), 2, 0)||'분' || ' ' ||
               LPad(Round(MOD(sum(ROUND((to_date(end_time,'HH24:MI:SS')-to_date(start_time,'HH24:MI:SS'))*24*60*60)),60)), 2, 0)||'초' 
               as "week_time"
          from attendance
          where emp_no = #{loginNo}
          and att_date 
          		between TRUNC(SYSDATE, 'IW') and SYSDATE  <!-- 오늘 날짜가 속하는 주의 월요일 일자  and (TRUNC(SYSDATE) - 1) -->
	</select>
	
	<!-- 이번주 초과 근무 시간 -->
	<select id="selectOverWorkTime" resultMap="attendanceMap">
		  SELECT (Round((sum(ROUND((to_date(end_time,'HH24:MI:SS')-to_date(start_time,'HH24:MI:SS'))*24*60*60)-(60*60*9)))/(60*60)))||'시'||' ' ||
               LPad(Round(MOD((sum(ROUND((to_date(end_time,'HH24:MI:SS')-to_date(start_time,'HH24:MI:SS'))*24*60*60))/60),60)), 2, 0)||'분' || ' ' ||
               LPad(Round(MOD(sum(ROUND((to_date(end_time,'HH24:MI:SS')-to_date(start_time,'HH24:MI:SS'))*24*60*60)),60)), 2, 0)||'초' 
               AS "over_time"
       
           FROM ATTENDANCE
         where emp_no = #{loginNo}
           and att_date between TRUNC(SYSDATE, 'IW') and SYSDATE
	</select>
	<!-- 이번주 잔여 근무 시간 -->
	<select id="selectRemainTime" resultMap="attendanceMap">
		SELECT (Round((144000 - sum(ROUND( (to_date(end_time,'HH24:MI:SS')-to_date(start_time,'HH24:MI:SS') )*24*60*60))-(60*60)) /(60*60)))||'시'||' ' ||
                LPad(Round(MOD(((144000 - sum(ROUND( (to_date(end_time,'HH24:MI:SS')-to_date(start_time,'HH24:MI:SS') )*24*60*60))) /60),60)),2,0)||'분' || ' ' ||
       		    LPad(Round(MOD((144000 - sum(ROUND( (to_date(end_time,'HH24:MI:SS')-to_date(start_time,'HH24:MI:SS') )*24*60*60))) ,60)),2,0)||'초' 
       		    AS "remain_time"
         FROM ATTENDANCE
        WHERE emp_no = #{loginNo}
        AND att_date between TRUNC(SYSDATE, 'IW') and SYSDATE
	</select>
	
	<!-- 이번달 누적 근무시간  -->
	<select id="selectMonthTime" resultMap="attendanceMap">
		SELECT (Round((sum(ROUND((to_date(end_time,'HH24:MI:SS')-to_date(start_time,'HH24:MI:SS'))*24*60*60))-(60*60))/(60*60)))||'시'||' ' ||
               LPad(Round(MOD((sum(ROUND((to_date(end_time,'HH24:MI:SS')-to_date(start_time,'HH24:MI:SS'))*24*60*60))/60),60)), 2, 0)||'분' || ' ' ||
               LPad(Round(MOD(sum(ROUND((to_date(end_time,'HH24:MI:SS')-to_date(start_time,'HH24:MI:SS'))*24*60*60)),60)), 2, 0)||'초' 
               AS "month_time"
          FROM ATTENDANCE
          WHERE emp_no = #{loginNo}
          AND att_date 
          		between TRUNC(SYSDATE, 'MM') and SYSDATE
	</select>
	
	
	
	<!-- 오늘자 근무량
		만약 퇴근을 누르면 
	 -->
	
	
	
	
	
	
	
	
	
	<!-- 근태 리스트 -->
	
	<select id="selectWorkTimeAll" resultMap="attendanceMap">
		SELECT * 
		FROM ATTENDANCE
		WHERE emp_no = #{loginNo}
	</select>
	
	<select id="selectWorkTimeCount" resultType="_int">
		SELECT COUNT(*) FROM ATTENDANCE
		WHERE emp_no = #{loginNo}
	</select>
	
	<!-- ajax 검색 기능 -근태 상태 -->
	<select id="searchWorkTimeByStatus" resultMap="attendanceMap">
		SELECT 
			att_date,
            status,
            start_time, 
            end_time
		FROM ATTENDANCE
		<if test="searchNum !=-1 ">
			WHERE STATUS = #{searchNum}
		</if>
			AND emp_no = #{loginNo}
	</select>
	
	<!-- ajax 검색 기능 - 기간 검색 -->
	<select id="ajaxworkTimeByDate" resultMap="attendanceMap">
		SELECT * 
		FROM ATTENDANCE
		WHERE TO_DATE(ATT_DATE,'YY.MM.DD') BETWEEN TO_DATE(#{startDate},'YY.MM.DD') AND TO_DATE(#{endDate},'YY.MM.DD')
	</select>
	
	
	
	
	
	
	<!-- 근태 관리자-->	
	 <!-- 근태 전체 조회 -->
	 <select id="selectAttendanceAll" resultMap="attendanceMap">
	 	SELECT A.*,E.*,D.TITLE DEPT_TITLE, J.TITLE JOB_TITLE
    	FROM ATTENDANCE A
    	JOIN EMPLOYEE e ON e.NO = A.EMP_NO
    	JOIN DEPARTMENT D ON E.DEPT_NO = D.NO
		JOIN JOB J ON E.JOB_NO = J.NO
	 </select>
	
	<select id="selectAttendanceCount" resultType="_int">
 		SELECT COUNT(*) FROM ATTENDANCE
 	</select>
	
	
	
	
	
	
	
	
	
	<!-- 연차관리 -->
	<select id="selectDayoffAll" resultMap="dayoffMap">
		SELECT * FROM DAYOFF 
		WHERE emp_no = #{loginNo}
	
	
	</select>
	
	
	<!-- 출장 리스트 -->
<!-- 	<select id="selectBusinessTrip" resultMap="edms.edmsMap">
		SELECT * 
		FROM EDMS
		WHERE emp_no = #{loginNo}
		AND Type = '1' 
	</select>

	
	<select id="selectBusinessTripCount" resultType="_int">
 		SELECT COUNT(*) FROM EDMS
 		WHERE emp_no = #{loginNo}
 		AND Type = '1' 	
 	</select> -->
	
	
	
</mapper>