<?xml version="1.0" encoding="UTF-8"?>
<!DOCTYPE mapper PUBLIC "-//mybatis.org//DTD Mapper 3.0//EN" "http://mybatis.org/dtd/mybatis-3-mapper.dtd" >
<mapper namespace="edms">

   <resultMap id="edmsMap" type="edms">
      <id property="no" column="no"/>
      <result property="empNo" column="emp_no"/>
      <result property="title" column="title"/>
      <result property="content" column="content"/>
      <result property="appStatus" column="app_status"/>
      <result property="startDate" column="start_date"/>
      <result property="endDate" column="end_date"/>
      <result property="type" column="type"/>
      <result property="createDate" column="create_date"/>
      <result property="jobNo" column="job_no"/>
      <result property="deptNo" column="dept_no"/>
      <result property="detailType" column="detailtype"/>
      <association property="emp" resultMap="employee.employeeMap"/>
   </resultMap>
   
   
    <select id="insertbsn" parameterType="edms">
      INSERT INTO EDMS VALUES(SEQ_NO.NEXTVAL,#{empNo},#{title},#{content},#{appStatus},DEFAULT,DEFAULT,#{type},DEFAULT,#{jobNo},#{deptNo},#{detailType})
   </select>
   
   <!-- 출장 조회하기 join dept, employee 테이블과 -->
   
   <select id="selectBsnAll" resultMap="edmsMap">
      
      SELECT ED.*, E.NAME as name, E.NO as no, D.TITLE as dept_title, J.TITLE as job_title
      FROM EDMS ED 
      LEFT JOIN EMPLOYEE E
      ON ED.EMP_NO=E.NO
      LEFT JOIN DEPARTMENT D
      ON ED.DEPT_NO=D.NO  
      LEFT JOIN JOB J
      ON ED.JOB_NO=J.NO <!--1.연차 2. 출장  -->
   
   </select>
   
<!--view에 조회 나타내기  -->

<select id="selectByNo" parameterType="_int" resultMap="edmsMap">

   SELECT * FROM EDMS
    JOIN EMPLOYEE E ON EMP_NO=E.NO 
    WHERE EDMS.NO=#{no}
    ORDER BY CREATE_DATE DESC

</select>
   
   
   


   <!-- <select id="insertEmployee" resultMap="edsmMap" parameterType="map">
      INSERT INTO EDSM(TYPE,,TITLE,APP_STATUS,DOC_STATUS,CONTENT,STARTDATE,ENDDATE,CREATE_DATE)
      VALUES(,#{CONTENT},#{STARTDATE},#{ENDDATE},SYSDATE)
   </select>
 -->
</mapper>