<?xml version="1.0" encoding="UTF-8"?>
<!DOCTYPE mapper PUBLIC "-//mybatis.org//DTD Mapper 3.0//EN" "http://mybatis.org/dtd/mybatis-3-mapper.dtd" >
<mapper namespace="employee">

	<resultMap id="employeeMap" type="employee">
		<id property="no" column="no"/>
		<result property="empNum" column="emp_num"/>
		<result property="id" column="id"/>
		<result property="password" column="password"/>
		<result property="name" column="name"/>
		<result property="gender" column="gender"/>
		<result property="phone" column="phone"/>
		<result property="email" column="email"/>
		<result property="dateCreated" column="date_created"/>
		<result property="dateModefied" column="date_modefied"/>
		<result property="enrollDate" column="enroll_date"/>
		<result property="resignDate" column="resign_date"/>
		<result property="accStatus" column="acc_status"/>
		<result property="type" column="type"/>
		<result property="deptNo" column="dept_no"/>
		<result property="deptTitle" column="dept_title"/>
		<result property="jobNo" column="job_no"/>
		<result property="jobTitle" column="job_title"/>
<!-- 		<association property="dept" resultMap="deptMap"></association>
		<association property="job" resultMap="jobMap"></association>
		<association property="empImg" resultMap="empImgMap"></association> -->
	</resultMap>

	
	<select id="selectEmployeeById" resultMap="employeeMap" parameterType="map">
		SELECT E.*, D.TITLE DEPT_TITLE, J.TITLE JOB_TITLE 
		FROM EMPLOYEE E
		JOIN DEPARTMENT D ON E.DEPT_NO = D.NO
		JOIN JOB J ON E.JOB_NO = J.NO
		WHERE ID=#{id}
	</select>
	
	<update id="updateEmployee" parameterType="map">
		UPDATE EMPLOYEE SET EMAIL = #{myEmail}, PHONE = #{myPhone} WHERE ID = #{id}
	</update>

	
	
	
	
	
</mapper>