<?xml version="1.0" encoding="UTF-8"?>
<!DOCTYPE configuration PUBLIC "-//mybatis.org//DTD Config 3.0//EN" "http://mybatis.org/dtd/mybatis-3-config.dtd" >
<configuration>
	<settings>
		<setting name="jdbcTypeForNull" value="NULL"/>
		<setting name="cacheEnabled" value="false" />
	</settings>
	<typeAliases>
	<typeAlias type="com.tr.join.attendance.model.vo.Attendance" alias="attendance"/> 
		<typeAlias type="com.tr.join.attendance.model.vo.Edsm" alias="edsm"/> 
		<typeAlias type="com.tr.join.attendance.model.vo.DayOff" alias="dayoff"/>
		<typeAlias type="com.tr.join.employee.model.vo.Employee" alias="employee"/>
		<typeAlias type="com.tr.join.employee.model.vo.Department" alias="dept"/>
		<typeAlias type="com.tr.join.employee.model.vo.Job" alias="job"/>
		<typeAlias type="com.tr.join.employee.model.vo.EmpImg" alias="empImg"/>
	</typeAliases>
</configuration>


