<?xml version="1.0" encoding="UTF-8"?>
<!DOCTYPE mapper PUBLIC "-//mybatis.org//DTD Mapper 3.0//EN" "http://mybatis.org/dtd/mybatis-3-mapper.dtd" >
<mapper namespace="adminEmployee">
	
	<resultMap id="employeeMap" type="employee">
		<id property="no" column="no"/>
		<result property="empNum" column="emp_num"/>
		<result property="id" column="id"/>
		<result property="password" column="password"/>
		<result property="name" column="name"/>
		<result property="gender" column="gender"/>
		<result property="phone" column="phone"/>
		<result property="email" column="email"/>
		<result property="dateCreated" column="date_created"/>
		<result property="dateModefied" column="date_modefied"/>
		<result property="enrollDate" column="enroll_date"/>
		<result property="resignDate" column="resign_date"/>
		<result property="accStatus" column="acc_status"/>
		<result property="type" column="type"/>
		<result property="deptNo" column="dept_no"/>
		<result property="deptTitle" column="dept_title"/>
		<result property="jobNo" column="job_no"/>
		<result property="jobTitle" column="job_title"/>
	</resultMap>

	<select id="selectDept" resultType="dept">
		SELECT * FROM DEPARTMENT
	</select>
	
	<select id="selectJob" resultType="job">
		SELECT * FROM JOB
	</select>
	
	<select id="checkDuplicationId" resultType="_int" parameterType="string">
		SELECT COUNT(E.NO) CNT FROM EMPLOYEE E WHERE E.ID = #{id}
	</select>
	
	<select id="selectEmployeeAll" resultMap="employeeMap" parameterType="map">
		SELECT E.*, D.TITLE DEPT_TITLE, J.TITLE JOB_TITLE 
		FROM EMPLOYEE E
		JOIN DEPARTMENT D ON E.DEPT_NO = D.NO
		JOIN JOB J ON E.JOB_NO = J.NO
		ORDER BY E.NO DESC
	</select>
	
	<select id="selectEmployeeCount" resultType="_int">
		SELECT COUNT(*) FROM EMPLOYEE
	</select>
	
	<select id="makeEmpNum" resultType="string">
		SELECT EMP_NUM
			FROM (
			    SELECT E.EMP_NUM FROM EMPLOYEE E 
			    ORDER BY E.EMP_NUM DESC
			    ) 
			WHERE ROWNUM <![CDATA[ < ]]> 2
	</select>
	
	<insert id="insertEmployee" parameterType="map">
		INSERT INTO EMPLOYEE VALUES(EMPLOYEE_SEQ.NEXTVAL,
			#{emp_num},#{emp_id},#{password},#{emp_name},#{gender},#{phone},#{email},
			SYSDATE,SYSDATE,#{enroll_date},NULL,#{acc_status},#{acc_type},#{dept},#{job})		
	</insert>
	

</mapper>
